{"packFileHash":{"type":"sha256","value":"2585599fc0473bbc7b5b23d883cfa224ac21e900b0137edd37f24fe49bb6602e"},"indexFileHash":{"type":"sha256","value":"275963eb996b8a5f66a40bfadd3db7a07b8a7f7b0c6b894477e7b097e848db4e"},"cachedFiles":{"mods/fpv-drone.pw.toml":{"hash":{"type":"sha256","value":"3dd5fc7eb42b24dc0e35a3ea22365c6b601de8dee1c6678eeb7373c68527f12f"},"linkedFileHash":{"type":"sha1","value":"98dc1f40e04339748ac21a83f3e0417a3f36aecb"},"cachedLocation":"mods/fpvdrone-1.16.5-3.1.2.jar","optionValue":true},"mods/swdm.pw.toml":{"hash":{"type":"sha256","value":"ec88285365debdec7ab05b95e221132c7ca6c8509260f33f96040a1ad69f6523"},"linkedFileHash":{"type":"sha1","value":"d79bbe8f8834edafa91ba0f09ae946bcdb3bc760"},"cachedLocation":"mods/swdm-1.16.5-2.0.4.jar","optionValue":true},"mods/swem.pw.toml":{"hash":{"type":"sha256","value":"8d60ddf1dc401fd30c382bf8fe667c34ead58c063a1a291659fac81f3fbf932b"},"linkedFileHash":{"type":"sha1","value":"2718469ed73f10f95e833e19e50afceaad41950b"},"cachedLocation":"mods/swem-1.16.5-0.5.3.21.jar","optionValue":true},"mods/geckolib.pw.toml":{"hash":{"type":"sha256","value":"f1785b6fb4b3bd26594e173737a653a237f9e9e9c0d330faa56bdf0225217d75"},"linkedFileHash":{"type":"sha1","value":"14940646d175f8704d8e06d96258b12fd645e67d"},"cachedLocation":"mods/geckolib-forge-1.16.5-3.0.106.jar","optionValue":true},"mods/playeranimator.pw.toml":{"hash":{"type":"sha256","value":"14660404bef1c2a48fdd43abd5abf5cd778c18faea8e4f0a3e860e4283c82b51"},"linkedFileHash":{"type":"sha1","value":"9789f8fee71abb03520c9a38ac6474262feaafbb"},"cachedLocation":"mods/player-animation-lib-forge-0.4.0+1.16.5.jar","optionValue":true}},"cachedSide":"client"}